对应发布内容编号,平台名称,统计时间,阅读/播放量,点赞量,评论量,转发量,分享量,收藏量
wxmp_481c95edfe2379cf9ae4b9da,微信公众号,2026-09-20T19:22:30+08:00,,,,,,
wxmp_dab99913c35da98e3163a27b,微信公众号,2026-09-20T19:22:30+08:00,,,,,,
wxmp_a6d7e28620acd70b80e1f03f,微信公众号,2026-09-20T19:22:30+08:00,,,,,,
wxmp_07f28a4815f7cb9c14845ebc,微信公众号,2026-09-20T19:22:30+08:00,,,,,,
wxmp_75f3cc4a47aa17b2a9a2275b,微信公众号,2026-09-20T19:22:30+08:00,,,,,,
wxmp_3ca8e6a538f389ec823b39eb,微信公众号,2026-09-20T19:22:30+08:00,,,,,,
wxmp_4ddb042a24d6e65e9764812d,微信公众号,2026-09-20T19:22:30+08:00,,,,,,
wxmp_850af83708f1545e5975a047,微信公众号,2026-09-20T19:22:54+08:00,,,,,,
wxmp_9395250f583a391f36d1e0e1,微信公众号,2026-09-20T19:22:54+08:00,,,,,,
wxmp_a9653aae9479b2fdf342d983,微信公众号,2026-09-20T19:22:54+08:00,,,,,,
wxmp_6eb0ebc75db99b0765c51aff,微信公众号,2026-09-20T19:22:54+08:00,,,,,,
wxmp_e2f5151f2fbe0cc654f86004,微信公众号,2026-09-20T19:22:54+08:00,,,,,,
wxmp_e678d119bd98ba8927efbc79,微信公众号,2026-09-20T19:23:20+08:00,,,,,,
wxmp_4e5a8b545d115797c2a59770,微信公众号,2026-09-20T19:23:20+08:00,,,,,,
wxmp_12c6d361b26d19492ca90521,微信公众号,2026-09-20T19:23:20+08:00,,,,,,
wxmp_614e31edfc54bd93c8452962,微信公众号,2026-09-20T19:23:20+08:00,,,,,,
wxmp_96f3fde5b8f829a91ed5fb6c,微信公众号,2026-09-20T19:23:20+08:00,,,,,,
wxmp_e73db53852f1999dba57a8e6,微信公众号,2026-09-20T19:23:20+08:00,,,,,,
wxmp_0966d563eb61693b74168cc6,微信公众号,2026-09-20T19:23:20+08:00,,,,,,
wxmp_1cec7806e51c324e81d48e5f,微信公众号,2026-09-20T19:23:20+08:00,,,,,,
wxmp_8de83fb456ed0f7ff83c78e9,微信公众号,2026-09-20T19:23:20+08:00,,,,,,
wxmp_432bfcb6777b5dbe8bf8679b,微信公众号,2026-09-20T19:23:46+08:00,,,,,,
wxmp_d04d392190fc245167c83c37,微信公众号,2026-09-20T19:23:46+08:00,,,,,,
wxmp_6d8b680863f220d9ffd94876,微信公众号,2026-09-20T19:23:46+08:00,,,,,,
wxmp_bf6c309265f212a3c9c7e27b,微信公众号,2026-09-20T19:23:46+08:00,,,,,,
wxmp_922c104550276e8e8f9ec325,微信公众号,2026-09-20T19:23:46+08:00,,,,,,
wxmp_4827da15290afc032370fff4,微信公众号,2026-09-20T19:23:46+08:00,,,,,,
wxmp_272ca9575ffd3a230f641db1,微信公众号,2026-09-20T19:23:46+08:00,,,,,,
wxmp_81422a547c7ead776fcb013a,微信公众号,2026-09-20T19:23:46+08:00,,,,,,
wxmp_ec45d2a6eb429dda2fe935f1,微信公众号,2026-09-20T19:23:46+08:00,,,,,,
